user_id,event_type,value,timestamp,product_id
51,view,59.778983218599194,2022-03-18 21:01:08,2
92,purchase,56.99371458644325,2021-06-27 09:02:19,46
14,add_to_cart,48.19682095110941,2022-11-02 00:08:23,37
71,add_to_cart,69.86101958130321,2022-03-27 02:24:25,16
60,click,8.63470877306395,2021-12-09 09:05:01,11
20,add_to_cart,106.37731590260766,2021-01-17 06:39:28,23
82,purchase,102.72516610714678,2021-10-01 08:41:56,28
86,view,1.4841755771511007,2022-11-21 10:02:10,42
74,click,87.38236881376568,2021-03-08 23:01:07,24
74,click,6.898195370187782,2021-07-28 08:32:40,35
87,view,20.40734912546543,2021-09-21 06:44:02,25
99,add_to_cart,68.03294015803708,2022-10-01 19:49:02,37
23,view,8.762921736478159,2021-07-06 22:21:05,0
2,add_to_cart,85.17837110792861,2022-12-20 09:07:05,19
21,view,89.2295148506112,2021-08-07 20:17:14,27
52,purchase,35.40976526547985,2022-06-08 01:56:08,15
1,add_to_cart,0.32031743087075837,2022-11-09 13:45:58,46
87,purchase,16.916367135592754,2022-07-29 07:56:31,16
29,click,47.97647471818692,2022-03-05 17:57:41,39
37,view,198.6581733987204,2021-07-03 15:15:28,27
1,click,49.95828745445317,2022-10-25 06:25:08,11
63,click,15.041984850505852,2022-04-09 08:14:35,26
59,click,50.25687639707752,2021-05-07 02:57:14,41
20,click,38.824850338883564,2022-05-30 17:55:26,46
32,view,75.67126150647327,2021-07-17 14:12:42,29
75,click,5.657350864791453,2022-03-31 10:59:46,40
57,view,71.57042403682414,2021-03-04 20:53:39,33
21,view,38.96430095349447,2021-09-02 13:28:28,36
88,purchase,164.83106388838328,2021-08-02 21:09:35,5
48,add_to_cart,20.91780449945556,2022-09-19 00:53:53,6
90,add_to_cart,50.068184867251155,2022-09-19 13:10:25,31
58,view,134.43304877842758,2021-05-01 06:40:34,31
41,purchase,5.407649883263731,2022-12-20 10:08:39,24
91,view,138.4126963419384,2021-07-09 18:01:27,32
59,view,58.21929417789845,2021-12-21 23:43:23,6
79,view,3.512382514555415,2022-05-02 21:16:30,11
14,purchase,17.90262082141199,2021-05-30 10:49:10,15
61,add_to_cart,61.579549756065624,2022-06-25 22:44:21,15
61,purchase,3.486296369738066,2022-08-19 21:21:12,42
46,click,43.634086454748186,2022-12-30 14:58:27,35
61,purchase,21.223456575568058,2022-02-24 00:51:07,12
50,purchase,48.49980952374174,2022-01-02 05:54:08,6
54,purchase,2.3410619638977423,2022-03-20 05:21:11,35
63,purchase,102.60564224384564,2022-05-21 14:19:34,46
2,add_to_cart,181.50971875721706,2022-11-10 14:23:18,8
50,click,173.49178322458755,2022-12-26 16:14:55,31
6,add_to_cart,69.2451328480615,2021-04-23 04:36:14,10
20,add_to_cart,6.968059941690289,2022-09-02 04:53:22,7
72,purchase,70.995286558018,2021-11-27 14:26:11,32
38,view,1.2447111141255656,2021-12-15 13:03:53,22
17,view,1.1185973867236931,2022-09-22 01:42:48,24
3,add_to_cart,19.54928851086151,2022-09-09 15:35:10,7
88,add_to_cart,33.534383746084,2022-02-24 08:09:09,44
59,purchase,73.57244612919284,2021-02-19 20:24:46,21
13,add_to_cart,57.48928634454094,2022-04-19 05:03:58,3
8,purchase,29.520749369785428,2021-10-26 12:44:04,39
89,view,15.984558127920351,2021-04-07 09:44:02,2
52,view,292.576438082849,2022-10-16 22:52:40,28
1,click,27.772089505501707,2021-12-18 12:30:44,40
83,view,30.018102421227145,2021-04-13 05:18:44,28
91,add_to_cart,8.933839622727785,2022-09-16 06:09:49,33
59,view,79.19083503186542,2022-04-05 18:09:55,33
70,purchase,59.15661190182869,2021-02-10 00:10:53,27
43,view,12.472426472658798,2022-10-08 09:07:47,12
7,click,4.298652845118935,2022-08-12 01:07:23,14
46,view,57.04979103686202,2022-11-28 14:20:00,22
34,purchase,53.13975472115715,2021-01-22 20:40:06,43
77,purchase,15.959292433686983,2022-06-08 00:04:24,25
80,add_to_cart,150.65772031925547,2021-12-24 18:45:54,3
35,view,8.188214159732542,2022-08-31 09:42:19,25
49,purchase,28.311173625170582,2022-03-11 05:08:28,39
3,click,143.77842163998272,2022-02-13 17:41:34,8
1,add_to_cart,27.212857134677503,2022-05-27 08:41:53,4
5,click,50.878250886505135,2022-05-20 05:43:14,31
53,view,25.341215150456982,2021-02-16 23:27:28,19
3,view,16.025086503344063,2022-12-21 22:04:42,49
53,view,206.6885264565887,2021-01-10 08:46:18,10
92,add_to_cart,26.32522879227116,2022-11-06 08:25:58,14
62,purchase,112.26262534240661,2022-09-30 20:04:10,31
17,add_to_cart,13.065290624194523,2021-03-22 06:08:26,27
89,click,11.983004068942895,2022-04-21 00:12:39,21
43,add_to_cart,1.58145245477775,2021-08-12 20:10:21,40
33,click,52.72979294379948,2021-12-26 13:37:41,16
73,add_to_cart,22.984952708610066,2022-02-01 16:57:49,25
61,purchase,99.88690294133968,2021-09-15 22:14:59,43
99,click,32.04765573514069,2021-11-25 16:21:08,6
13,view,172.40411706004005,2021-07-11 07:41:49,41
94,view,10.26060891304192,2021-09-26 11:06:10,25
47,add_to_cart,101.48427523649552,2021-11-20 16:04:34,24
14,view,74.93886523371488,2022-02-05 04:25:01,9
71,click,73.68460219450182,2021-09-30 09:06:06,44
77,view,93.14663054072945,2021-03-08 21:21:17,18
86,purchase,71.56960563018635,2022-05-29 00:19:06,10
61,purchase,49.20443752117819,2021-02-03 11:26:11,12
39,add_to_cart,7.034699296379124,2021-04-29 01:35:44,7
84,click,1.6533456674992855,2022-06-20 14:41:28,39
79,purchase,126.8191650907132,2021-10-02 20:30:15,3
81,purchase,47.94038447153901,2022-07-29 03:42:05,46
52,click,79.61362694658197,2022-08-11 21:37:29,30
23,view,32.84291801348973,2022-10-15 02:52:21,27
25,view,6.238958208700401,2022-12-18 10:35:02,10
88,add_to_cart,6.68718745581692,2021-05-02 23:41:09,42
59,view,57.84894074723557,2022-12-27 08:32:47,0
40,click,28.132785996209513,2021-08-15 20:15:52,48
28,purchase,11.189983744581806,2022-06-30 05:36:18,46
14,view,33.82380067046655,2021-07-20 03:35:09,37
44,add_to_cart,3.318152539672983,2021-08-13 16:45:38,23
64,view,43.61027161624753,2022-11-05 00:42:42,46
88,click,15.66663983062287,2021-07-16 22:43:53,30
70,add_to_cart,79.8653645015981,2022-08-11 08:17:22,40
8,view,18.57941985900969,2022-02-04 06:16:40,45
87,add_to_cart,30.368675459765626,2022-07-18 12:16:27,49
0,click,0.5844293025465451,2021-04-29 09:18:11,25
7,purchase,3.760261115334893,2022-10-11 15:41:32,48
87,click,24.91962485428586,2022-04-27 11:04:38,49
62,click,32.690442439000634,2022-08-19 00:09:49,4
10,click,45.81710517459567,2022-01-29 18:06:54,19
80,click,17.24173575372291,2022-09-04 22:10:16,40
7,purchase,59.369205719459295,2022-01-27 12:32:58,10
34,purchase,98.34937522015511,2021-06-10 23:12:59,32
34,add_to_cart,75.67253193487853,2021-03-05 02:46:14,49
32,view,2.0212508198851578,2021-03-12 21:09:12,37
4,purchase,32.74509207510541,2021-01-14 11:33:15,26
40,purchase,5.542677540477307,2022-05-17 12:46:10,33
27,view,13.85656413923591,2022-10-28 01:34:38,14
6,purchase,215.85913276147167,2022-09-06 12:49:55,31
72,click,7.686445108652931,2021-06-09 08:10:53,20
71,click,34.54629781045037,2021-01-28 21:16:21,45
11,view,48.137121748064324,2022-06-25 11:04:20,4
33,add_to_cart,60.61116574288691,2022-04-15 16:28:44,5
32,add_to_cart,41.00912120190553,2021-10-18 08:30:27,37
47,view,0.4909447692281613,2021-05-19 10:00:07,21
22,view,19.760491799893007,2022-10-24 22:21:04,17
61,click,36.460654678634164,2022-01-09 18:19:09,13
87,add_to_cart,4.598445855202536,2022-09-09 14:35:43,9
36,purchase,21.58739455418413,2021-08-21 04:27:12,45
98,click,1.6883422852762027,2021-01-01 21:26:15,12
43,view,4.091884480404363,2021-05-09 04:12:35,30
85,add_to_cart,25.285542676779745,2021-08-07 05:47:04,29
90,purchase,7.119425296233069,2022-08-22 06:05:01,2
34,purchase,41.91337019590603,2021-08-18 00:56:42,29
64,click,58.4729281579217,2022-08-07 15:24:36,5
98,add_to_cart,80.61878595553796,2021-01-19 00:50:42,28
46,add_to_cart,11.16656871289236,2022-01-13 20:56:08,7
77,view,9.165056756753847,2021-06-01 07:46:02,43
2,add_to_cart,5.522440864253784,2022-07-26 11:26:05,44
0,add_to_cart,50.58920573520652,2022-03-15 08:31:25,42
4,click,61.28974697557997,2021-09-09 10:47:04,43
89,add_to_cart,1.6047873368016057,2021-03-05 00:35:15,32
13,purchase,137.60970272244543,2021-04-09 23:40:42,16
26,click,2.6685242839504015,2022-09-02 22:40:03,47
8,click,38.9675444047811,2021-04-22 07:46:35,10
78,view,61.73200020306196,2022-02-28 05:26:31,12
14,add_to_cart,102.38517762273804,2021-04-23 10:22:57,49
89,view,62.603373643601316,2022-07-29 09:16:24,10
41,purchase,80.9057936298363,2021-04-24 11:43:56,30
76,click,20.73413745732168,2022-09-03 11:36:53,27
50,click,84.32272846739617,2021-03-25 09:19:36,43
62,click,4.175322487908133,2021-08-20 07:40:39,5
95,purchase,112.60251593926081,2022-10-31 20:39:26,40
51,purchase,39.65858414394647,2021-02-28 11:14:06,15
95,view,84.99488048327594,2021-02-11 23:07:34,3
3,view,30.10304859675232,2021-01-04 07:21:51,34
93,view,51.58195008600443,2021-09-13 06:29:48,47
22,add_to_cart,37.36989069793848,2022-05-14 10:53:49,25
14,click,65.76189174934603,2022-10-25 13:15:28,11
42,click,4.257744994447808,2021-07-20 20:18:55,10
28,view,3.112501565950754,2021-06-20 00:32:29,36
35,click,14.19135787699582,2021-12-30 06:17:47,24
12,view,8.690574325757503,2021-08-21 17:38:42,17
31,add_to_cart,102.70177785011991,2021-04-17 23:02:34,18
70,add_to_cart,12.372707909027698,2022-07-04 22:05:51,22
58,purchase,186.20514047170468,2022-01-29 06:00:13,37
85,add_to_cart,20.541156216571466,2022-08-17 20:14:41,17
27,view,10.051855198942643,2022-06-24 07:46:28,25
65,add_to_cart,77.96065487971737,2021-10-17 08:21:18,5
41,purchase,53.750810267075934,2021-05-09 00:11:00,3
44,click,34.47725543617169,2021-02-26 17:09:24,43
61,view,40.524914955781036,2021-04-25 16:39:11,28
56,click,63.505946986448315,2021-06-11 11:37:55,33
5,purchase,12.967997284335336,2021-03-15 08:05:56,16
27,purchase,280.4315616023852,2021-09-17 21:50:58,42
27,purchase,184.03199889450474,2021-07-18 19:44:43,42
43,click,52.53765450662784,2021-10-04 06:56:32,15
83,click,11.128588923444667,2021-06-08 14:43:00,1
29,click,57.00738976376844,2021-01-06 07:59:56,33
61,click,3.7468685917146645,2022-04-23 22:50:48,7
74,purchase,1.5566058261809739,2021-06-17 20:42:36,12
91,purchase,14.898937656944828,2021-03-11 09:06:16,41
88,view,31.052765093671947,2022-10-06 18:15:31,7
61,view,101.35099625954203,2022-04-02 03:59:30,29
96,click,64.94514894089446,2021-02-27 18:05:04,31
0,add_to_cart,67.8768952374661,2021-04-19 17:03:29,35
26,add_to_cart,27.712178970370694,2021-07-17 19:00:39,46
61,purchase,21.22742663447413,2021-05-15 04:36:47,29
76,purchase,23.184282527364854,2022-04-06 22:20:48,0
2,purchase,219.70319457582522,2022-04-19 02:10:15,42
69,view,2.0467871021964337,2021-04-01 12:57:16,38
71,view,100.88214958778694,2021-12-12 12:13:10,16
26,purchase,43.217587067633126,2022-03-02 03:25:34,19
8,purchase,28.867454051732977,2021-07-22 22:05:27,23
61,purchase,64.59607837444352,2021-08-10 00:58:51,49
36,add_to_cart,33.3417151799607,2021-08-09 01:07:01,21
96,view,103.34531706338834,2022-09-25 08:41:47,28
50,add_to_cart,115.48142398101872,2022-07-17 03:14:53,21
43,add_to_cart,27.38493506770124,2022-02-15 08:11:26,43
23,purchase,16.205395354257096,2022-09-15 13:26:38,8
78,purchase,44.867356097045466,2022-02-11 07:16:56,36
58,click,121.72779697617995,2022-09-23 20:35:30,9
31,click,11.828044947501228,2021-04-05 08:45:13,35
95,add_to_cart,48.77107288497878,2022-03-03 05:59:15,36
87,view,49.92390001127717,2021-10-20 07:08:12,27
51,purchase,66.04650075634278,2022-12-14 10:38:13,27
61,purchase,7.053281485133021,2022-10-26 02:43:51,41
57,add_to_cart,62.908245456355495,2022-06-12 08:13:08,42
51,click,119.86266031446225,2021-11-10 13:12:18,20
11,view,9.903228039007228,2022-01-21 01:28:05,23
38,click,13.560479584358099,2022-11-06 16:13:07,41
1,click,177.7088519430756,2022-01-11 10:12:08,39
2,click,9.982152737757895,2022-12-28 01:06:58,1
55,click,96.3394883878329,2021-06-02 00:53:23,7
80,purchase,33.89104712767745,2021-08-15 05:59:18,47
58,purchase,14.199848499718524,2022-09-07 14:33:42,26
1,click,102.30030008724245,2021-11-29 17:35:23,21
1,view,29.466866277997788,2022-06-05 16:55:55,36
91,add_to_cart,36.161493455055904,2022-04-18 19:27:17,26
53,view,22.254497958890394,2021-10-01 10:09:15,28
86,view,44.94106713425393,2021-06-13 15:35:08,2
95,view,8.927864880881568,2021-04-11 05:25:22,43
96,click,24.80354531817368,2022-07-31 14:27:33,12
0,purchase,174.35790209105718,2022-09-23 02:37:31,44
18,view,14.92929402120031,2022-10-10 18:38:57,9
1,click,53.46286922585514,2021-10-23 11:11:19,35
52,view,19.666210219446352,2021-12-10 01:17:21,8
43,view,74.24458453535824,2021-07-26 03:43:22,26
89,click,7.013338980506838,2022-04-04 06:35:34,33
31,purchase,175.03052272122,2021-11-08 11:41:52,0
69,purchase,30.23754610823689,2021-06-15 17:32:55,31
31,add_to_cart,13.462677174886013,2022-03-29 13:32:06,24
67,click,3.8168861277968533,2021-02-05 21:16:21,28
54,add_to_cart,9.301897005229696,2022-02-24 04:01:09,6
74,add_to_cart,36.674917271479075,2021-02-12 12:04:37,48
55,add_to_cart,20.549253990258332,2021-08-07 07:22:00,2
16,purchase,88.27049420610787,2021-05-26 04:55:45,19
37,click,28.18385953427962,2021-05-04 04:29:04,19
23,add_to_cart,14.29846184879255,2022-02-28 07:56:44,29
68,click,48.00494582867339,2021-07-06 01:59:39,34
97,click,61.341130347967244,2022-05-29 02:14:29,34
69,purchase,9.138597384292341,2022-12-17 18:22:17,48
85,add_to_cart,9.173263506538035,2021-02-26 04:20:42,38
10,add_to_cart,1.8680364004741368,2021-08-11 18:49:54,26
15,click,66.66650603949171,2022-07-11 05:22:03,25
96,view,54.50312625735495,2021-02-14 07:55:21,13
72,purchase,32.182708481764635,2021-05-19 07:52:32,16
58,purchase,92.94962453380751,2022-10-07 12:12:40,17
69,purchase,81.90991605846757,2021-06-10 04:00:28,44
79,purchase,44.016550681796076,2021-07-29 20:15:40,28
92,add_to_cart,101.35053132645014,2022-10-23 16:50:56,19
2,add_to_cart,11.523592518528677,2022-10-16 10:13:54,26
19,view,5.934651069514229,2022-03-04 09:28:07,17
58,purchase,15.718390286405398,2021-02-19 09:36:13,3
35,purchase,2.9390553364981353,2021-03-11 20:18:42,0
18,click,37.87570214169719,2022-05-11 12:27:27,49
89,add_to_cart,137.91906027009833,2021-10-03 07:35:47,0
66,purchase,2.006920820469112,2021-07-12 06:12:07,25
18,view,6.511693999155837,2022-09-26 10:19:28,44
19,view,30.092162415096546,2021-02-17 02:33:48,19
95,add_to_cart,135.81043269379973,2021-10-14 04:57:32,22
70,view,19.00128055283935,2021-10-01 16:40:05,9
51,view,35.386125188567256,2022-06-01 06:58:56,10
32,add_to_cart,2.123086650052585,2022-01-16 23:33:01,40
39,purchase,8.028582566820946,2021-05-11 07:59:44,40
38,purchase,215.73755422666895,2021-01-16 20:21:17,4
81,view,167.79021539099546,2021-09-16 02:23:03,0
0,view,0.2476111486913808,2021-09-29 23:35:06,16
10,purchase,151.63203993394077,2021-01-09 16:19:31,21
91,add_to_cart,50.96048067842504,2022-12-11 15:38:35,33
56,view,101.21672834882554,2021-07-01 20:11:12,44
88,click,30.324613454600474,2022-06-18 16:07:53,40
49,add_to_cart,36.24180343488855,2022-04-29 12:42:14,28
22,view,33.554274975443,2021-10-11 21:06:28,3
30,view,54.96026185327917,2021-02-21 14:57:56,4
93,click,7.520872710472859,2022-04-20 15:58:40,10
41,click,1.5215990459985635,2022-09-22 17:11:25,20
98,purchase,18.403404400689045,2021-11-03 19:18:01,34
6,add_to_cart,60.98491737704197,2022-09-01 09:29:14,11
15,add_to_cart,11.273152721830519,2022-10-16 01:58:13,25
89,purchase,55.955920466598954,2022-05-07 01:46:37,18
59,add_to_cart,175.1815195114605,2022-08-30 07:40:24,44
1,add_to_cart,4.930319686089348,2021-11-14 15:36:40,6
0,add_to_cart,55.82895419522681,2021-07-27 21:32:07,46
47,add_to_cart,29.326891987858676,2022-03-22 18:57:40,6
11,add_to_cart,101.30158110967582,2021-06-14 15:43:44,25
68,click,9.749054952932191,2022-01-18 08:19:52,39
36,add_to_cart,58.98449381901769,2021-10-11 16:19:28,4
31,click,91.04354307988228,2021-08-10 21:02:15,20
8,add_to_cart,144.67161936901365,2021-01-18 08:55:48,13
98,purchase,57.481811749231106,2021-03-15 05:31:30,3
18,view,34.37563063057698,2021-08-30 17:24:10,22
47,click,48.09674277754708,2022-01-04 10:47:02,41
79,add_to_cart,101.59164546839557,2022-09-03 10:04:38,19
2,purchase,42.26945460345029,2022-11-30 02:12:54,14
19,view,1.54291588669526,2022-04-01 22:07:08,49
23,click,133.64527536495865,2021-06-26 05:35:59,44
53,view,58.48287680055751,2022-11-08 05:41:01,28
32,purchase,56.429877193974455,2022-02-24 15:30:26,7
23,click,12.146599900901197,2022-10-14 01:21:14,40
74,view,53.776849683404436,2021-11-19 13:49:00,47
71,add_to_cart,25.03257824479294,2022-01-11 09:31:42,18
35,click,52.66755678436182,2022-03-29 16:30:37,47
37,view,5.635653439134803,2022-03-22 02:27:56,38
83,purchase,53.62461592329283,2021-07-16 09:48:48,45
98,purchase,372.0861454852203,2022-07-07 07:06:58,27
88,click,2.4706499447150345,2021-08-26 04:06:35,45
98,view,188.99315562811142,2021-12-27 19:47:19,26
24,click,26.120284122729863,2021-03-09 15:44:07,3
92,click,102.30167305078766,2022-06-27 05:19:48,14
17,view,76.25150284671463,2022-02-11 07:04:12,34
81,view,41.85275529632762,2022-12-05 15:49:31,36
65,add_to_cart,67.05633929263293,2021-05-16 20:25:32,0
53,view,105.39845504791698,2022-09-14 06:21:35,2
34,purchase,25.887503932435134,2022-07-16 05:57:00,46
79,click,19.802961239550324,2021-04-07 05:08:54,23
60,click,55.06981585861534,2021-02-15 03:26:19,26
40,purchase,82.47289214855367,2022-03-09 09:27:21,39
99,view,71.8341684410256,2021-05-12 09:45:40,35
32,purchase,79.92827382238877,2021-03-19 19:14:15,33
67,purchase,28.598124837094325,2021-06-24 06:13:44,28
32,add_to_cart,85.14190531929316,2022-07-21 18:22:18,23
13,purchase,6.403548132678573,2021-04-15 13:59:09,23
20,click,39.316781417214145,2021-07-31 18:49:58,41
47,purchase,0.28876527581269273,2022-12-20 04:05:49,3
19,click,19.621459547159393,2022-01-14 03:45:48,2
7,click,22.821728131459306,2021-03-14 16:54:06,33
6,click,25.22335175943337,2022-09-21 19:41:10,48
66,view,59.44882510155721,2022-04-08 17:45:20,22
16,add_to_cart,24.596767135570325,2022-05-15 08:41:18,22
32,click,29.77322927819642,2022-08-31 14:16:51,44
47,click,13.560532436598896,2021-11-29 18:31:45,4
75,view,23.36052002753381,2021-09-12 03:36:33,30
58,click,12.891254876652441,2022-03-26 11:38:43,40
85,purchase,3.8006544127693607,2022-03-16 09:11:57,5
21,purchase,46.24747976592281,2021-06-22 23:39:12,36
29,add_to_cart,55.16307375355345,2021-06-04 16:10:38,9
37,click,48.31218650742091,2021-11-15 20:48:35,39
50,view,31.13388075084737,2022-04-27 02:20:01,6
53,purchase,23.884517238994995,2022-12-05 21:17:24,38
7,view,99.51063609473775,2022-08-03 02:59:30,37
26,view,36.60290274007968,2021-05-08 19:56:30,20
26,purchase,32.61771957576247,2022-09-24 05:03:23,19
97,view,1.2988276971007235,2021-05-15 15:32:55,2
20,purchase,20.870394070539884,2021-02-28 13:27:47,21
29,view,23.91756824494026,2022-04-28 00:06:08,46
96,purchase,25.44327570989996,2022-02-27 22:02:08,3
27,click,43.39555274326353,2022-11-08 19:00:27,27
63,add_to_cart,38.135855217643446,2021-04-13 03:43:53,11
96,purchase,46.812567913740985,2022-03-03 13:38:58,37
68,purchase,72.38365643934405,2022-07-02 20:54:38,35
60,add_to_cart,83.82852007425824,2021-07-30 01:28:06,46
47,purchase,63.314237191569546,2021-11-16 09:42:25,40
18,purchase,155.63993625021027,2022-09-05 13:29:34,4
3,view,0.9200422291350013,2021-09-29 23:22:04,12
34,add_to_cart,10.893995535625647,2021-12-04 18:41:44,22
63,click,0.37958092657078446,2021-10-17 13:36:09,49
48,purchase,52.13164632038758,2021-05-07 12:17:05,29
16,add_to_cart,114.15410050332385,2022-10-11 04:12:34,36
43,view,13.951467213888675,2021-09-03 16:31:08,24
91,click,130.88845831118593,2022-05-19 14:58:17,47
29,add_to_cart,3.107995096936032,2021-04-18 01:21:17,26
92,click,136.2364461500059,2022-07-06 14:06:09,13
45,click,21.66412396532692,2022-11-21 13:08:02,47
5,click,5.347023069596843,2021-12-16 19:24:37,46
98,purchase,33.26412744497058,2021-11-13 06:52:56,35
36,purchase,14.837928153908594,2021-06-08 23:55:36,38
23,view,16.764749629583097,2022-11-12 20:37:58,15
92,view,18.35718935806393,2022-12-14 00:43:07,21
45,add_to_cart,81.23415099827118,2021-09-17 15:20:51,20
52,view,38.73535690691302,2022-10-03 02:58:13,20
94,click,18.648034787672625,2022-07-10 22:20:10,7
98,click,47.12323804772562,2021-11-25 09:33:40,48
59,purchase,62.965586232405066,2022-08-11 23:42:57,15
96,click,15.915587110402301,2022-12-16 03:56:12,30
62,add_to_cart,26.683316697955107,2021-07-16 01:11:01,41
84,click,6.498947976070027,2021-02-14 09:04:02,9
31,click,9.992678386106936,2021-05-16 02:03:59,31
86,add_to_cart,57.14668463130851,2021-12-09 09:58:53,33
32,view,10.010328074182361,2021-03-17 04:01:43,8
66,view,37.239224986605,2022-01-09 10:54:57,16
17,add_to_cart,61.72954997198428,2022-08-05 22:31:44,10
24,purchase,5.651544176023521,2022-01-02 23:30:48,31
94,click,41.886943628407344,2021-01-08 22:00:29,9
53,add_to_cart,14.823548004624207,2021-03-03 18:35:55,21
57,click,164.7431485903963,2022-11-17 12:57:06,16
66,purchase,33.038418566340354,2022-07-19 08:44:26,3
45,click,81.99293587176795,2021-03-22 19:17:20,47
23,add_to_cart,39.95056249968056,2021-11-08 13:16:38,46
31,click,2.2191524639933062,2022-03-11 15:42:06,24
46,view,50.14029917871762,2022-09-13 20:02:33,20
85,purchase,151.21002600623663,2021-07-13 02:33:08,36
22,purchase,46.016421137691225,2022-11-09 11:11:16,37
65,purchase,85.51511073538646,2022-07-09 03:38:37,48
26,add_to_cart,107.79732650770167,2022-08-08 23:03:12,0
1,purchase,12.943703291825011,2022-10-05 13:45:34,24
89,view,11.915704709007787,2022-11-02 05:35:20,35
16,add_to_cart,47.20635323547652,2022-06-03 03:42:14,16
32,view,26.468871616678864,2021-07-29 22:28:39,40
8,click,91.5857491084462,2022-08-03 22:51:36,23
42,click,115.14081768564279,2021-08-31 19:29:41,1
47,click,21.803023921175736,2021-04-03 04:20:43,39
38,click,13.516380730422153,2022-09-09 00:55:48,14
92,view,75.82596478962243,2021-09-06 04:40:21,31
41,add_to_cart,16.06580613670829,2022-02-07 05:13:14,38
25,add_to_cart,86.47144627595175,2022-02-05 11:16:33,5
98,purchase,27.559665037770507,2022-10-22 19:08:19,0
49,view,55.06327516026851,2021-02-24 06:21:22,46
24,click,5.02060086455629,2022-04-30 23:34:14,22
23,view,48.88960345326871,2022-07-15 22:46:32,38
12,purchase,30.052806898139252,2022-04-15 04:33:56,16
59,purchase,44.16800520333024,2021-04-28 16:31:33,33
6,view,9.196995746157896,2022-01-20 12:24:25,40
56,view,66.75606523742663,2022-08-28 12:05:49,28
35,view,99.31471316059388,2022-03-20 09:24:11,8
44,add_to_cart,12.214516334426968,2022-01-10 06:34:19,12
19,click,5.030510563140048,2021-03-16 19:56:17,5
64,view,1.1961229965786995,2022-04-05 07:17:51,5
7,view,51.35713440247937,2022-05-09 05:50:58,19
15,view,46.709248666195904,2022-09-20 12:14:58,2
13,purchase,39.559770669178285,2022-11-18 14:45:47,16
75,purchase,13.194833147064442,2021-02-26 17:40:59,48
86,add_to_cart,24.78913325326026,2022-06-01 06:03:58,11
14,click,45.1288023769661,2022-04-10 20:12:24,47
91,add_to_cart,34.3350857495958,2022-03-29 20:55:26,46
97,click,220.25665816906633,2021-09-12 16:43:02,44
65,purchase,7.334580630766366,2021-11-13 11:54:15,0
31,purchase,59.39587812102318,2022-12-30 08:33:14,16
86,purchase,25.902480040519972,2021-07-22 12:10:23,2
62,add_to_cart,27.948266282585788,2022-09-04 22:03:11,25
85,view,63.22114307095264,2022-08-10 10:52:41,14
50,view,58.95362876599073,2022-06-15 18:33:30,35
24,purchase,236.9693403932185,2021-12-31 02:04:40,31
57,view,6.870906206829155,2022-08-10 08:21:09,31
62,view,5.49686250203277,2021-05-03 07:55:15,3
61,add_to_cart,64.4291382836771,2021-04-27 18:44:11,17
21,click,43.18336252339902,2021-02-14 23:43:28,48
57,purchase,16.021329622501305,2022-05-22 10:16:55,18
57,purchase,4.137534367389874,2022-08-04 16:26:09,42
85,add_to_cart,4.477543553195397,2022-06-12 10:28:07,34
48,add_to_cart,112.30592562327945,2022-04-12 04:48:27,39
51,view,10.651451592998201,2022-03-07 05:01:24,13
41,purchase,19.53164964737904,2021-09-12 07:02:30,32
69,click,12.851591504781664,2021-04-08 21:16:51,13
14,add_to_cart,21.924961740521038,2022-11-04 12:03:48,33
53,click,3.5975680365814915,2022-08-15 21:23:12,3
59,click,36.60061610127674,2021-04-16 18:09:04,23
96,purchase,3.500342318872068,2022-03-31 13:44:14,28
7,purchase,80.5611021079626,2022-11-19 17:29:55,18
52,add_to_cart,13.309865384210301,2022-08-02 19:37:54,5
59,purchase,38.827734557429736,2022-05-04 07:00:44,32
4,purchase,106.04614082448708,2021-03-22 06:01:45,48
67,purchase,52.616602020513206,2021-09-16 08:43:39,39
5,click,38.066781628736585,2021-07-14 09:08:33,18
95,add_to_cart,19.6028021242073,2022-08-15 16:01:31,0
93,view,20.24840506119234,2021-11-30 13:48:18,4
46,click,55.35545752848681,2022-09-13 08:13:30,26
98,purchase,256.9748337353652,2022-06-25 13:47:26,15
54,click,54.21168634826156,2022-04-03 22:12:46,5
39,purchase,40.79777554839906,2022-06-05 11:30:34,39
51,purchase,65.58727620964056,2021-06-17 23:10:53,12
15,click,31.293646399120444,2021-04-22 07:02:34,47
12,add_to_cart,3.1013421741608775,2022-12-14 23:16:00,34
29,purchase,41.31071300719805,2022-01-09 07:40:32,18
18,add_to_cart,158.06017136476675,2021-09-18 18:17:09,11
16,view,9.636958147035177,2021-06-18 11:49:19,15
62,purchase,58.559937923412896,2022-08-21 23:27:00,42
18,add_to_cart,11.215567187112898,2021-09-17 10:10:41,9
91,add_to_cart,38.374971301322326,2022-11-07 23:28:47,24
57,view,5.083724185118045,2021-04-15 05:14:31,19
54,add_to_cart,29.925582892294035,2021-07-01 23:42:03,30
89,add_to_cart,70.56283292712283,2022-09-29 23:01:57,3
89,view,21.352688074272706,2021-02-13 13:50:56,43
61,purchase,54.66806364380442,2022-07-27 02:59:42,22
22,add_to_cart,79.34713214581751,2021-02-08 11:41:55,1
8,add_to_cart,130.98673463521044,2022-07-07 06:25:52,21
11,add_to_cart,13.37058438577778,2021-06-12 19:32:01,36
0,click,25.48430664572674,2021-03-02 09:11:32,7
57,view,8.268267266120139,2022-04-30 00:23:57,6
0,click,244.53274810240276,2022-08-16 03:13:59,13
33,view,130.86545485792863,2022-03-09 14:01:59,2
95,purchase,38.82177993995614,2021-09-29 04:12:42,49
47,purchase,92.26854960309858,2021-02-02 22:37:54,15
88,add_to_cart,36.79834776491431,2022-06-26 11:08:58,18
0,view,48.85324243108654,2022-06-21 07:50:04,17
15,purchase,4.66744897715109,2022-04-03 16:02:11,15
60,view,70.38007175778695,2021-10-04 00:02:33,7
63,purchase,6.831866761445355,2022-01-21 01:21:30,32
62,click,87.45443674676696,2021-10-13 06:58:53,48
68,purchase,76.16945335093325,2021-07-07 00:38:02,11
21,click,61.67775345468045,2022-10-08 13:48:47,10
92,purchase,1.8415184025776559,2022-01-28 17:20:26,4
66,add_to_cart,18.057702002577507,2021-07-07 15:40:25,26
75,click,15.266006958956375,2021-08-28 01:41:06,11
25,purchase,22.32501310097585,2022-01-20 02:47:13,16
15,add_to_cart,4.5861820286188815,2021-02-05 02:35:49,5
50,click,138.1975650446037,2021-11-05 21:08:10,32
85,add_to_cart,40.34965093815907,2021-11-16 23:27:56,4
56,view,18.22990609738011,2021-09-26 08:04:30,27
28,view,25.290371555329955,2021-06-22 19:16:04,13
77,click,29.63818011213151,2022-02-02 10:08:29,4
91,purchase,45.8888835110396,2021-09-08 22:14:01,32
68,click,36.25041260227198,2022-04-16 04:02:44,49
46,add_to_cart,125.90785232588233,2022-01-01 15:08:41,47
93,purchase,34.35462564603948,2021-12-03 05:43:24,40
61,view,242.41316326801177,2022-07-02 21:44:04,18
68,purchase,95.33325566641402,2021-05-19 21:10:01,21
75,view,11.691934191971594,2021-03-14 21:51:32,4
15,purchase,133.3899730294427,2021-09-19 07:09:22,1
89,purchase,6.185638975497147,2022-10-29 07:12:22,29
89,purchase,85.03647870053629,2021-11-26 11:09:57,46
47,add_to_cart,23.952080933354857,2022-04-02 23:31:15,38
84,add_to_cart,105.1761884121618,2022-06-06 02:40:17,3
38,click,101.26914595778133,2022-12-08 06:02:35,32
99,click,81.97563291787237,2022-12-04 11:04:40,12
32,view,78.03963467821305,2022-05-16 21:58:52,19
93,add_to_cart,18.16909347958934,2021-12-22 16:46:04,6
22,view,4.219066460037473,2022-10-15 13:31:38,14
9,click,25.790248237114984,2022-02-03 04:53:02,22
68,view,9.529251168332879,2022-06-29 18:57:01,13
99,click,59.3641575488737,2022-12-21 21:34:43,22
33,add_to_cart,21.24002131065532,2022-06-07 13:11:08,18
51,purchase,185.67951510635413,2021-04-10 00:44:15,28
94,add_to_cart,51.21775572680621,2022-09-02 13:15:27,19
9,view,86.43375877049688,2022-01-29 09:38:29,28
18,view,7.108410438327972,2022-05-20 22:29:23,23
57,add_to_cart,99.03032716682254,2022-07-19 15:48:20,17
95,add_to_cart,128.04007243080665,2022-11-04 02:02:12,9
0,click,33.38000702741247,2022-03-30 18:39:36,40
68,view,46.602327491249525,2021-12-06 20:14:40,7
3,view,72.36803671659189,2021-02-20 02:01:48,25
15,add_to_cart,9.608815422728965,2022-06-04 17:04:33,28
23,purchase,34.914627410819726,2022-08-24 20:17:48,9
79,view,25.42999078347839,2022-08-15 15:25:09,16
1,purchase,7.913105552263051,2022-09-15 23:45:56,1
91,add_to_cart,22.906474122836578,2021-10-02 15:32:10,5
31,add_to_cart,3.5303681352055105,2022-06-03 04:34:30,4
90,click,1.3075439984406323,2021-05-27 05:10:10,27
83,view,7.260901616428179,2022-09-11 04:18:10,40
23,purchase,164.99766699885538,2021-09-29 07:56:25,4
11,click,39.87313832790614,2022-12-13 14:25:37,17
49,view,168.8088915942053,2022-04-10 00:58:07,25
34,click,28.325539550412493,2021-10-20 17:31:24,19
32,add_to_cart,18.684961416535202,2021-12-21 03:04:18,40
32,view,35.275348738864984,2021-09-21 06:17:29,48
60,click,28.947344531327417,2022-06-20 12:11:28,26
50,click,5.583725029919597,2022-01-06 03:51:48,48
42,purchase,51.197460219874635,2022-12-13 23:58:37,11
11,click,12.169748099916532,2021-10-02 00:27:42,6
66,view,48.325014225288186,2021-08-18 19:05:15,2
64,view,52.519841966230985,2021-02-02 22:03:00,9
32,purchase,8.24519757772232,2022-10-23 18:25:47,33
39,view,3.165610447526569,2021-05-08 10:23:06,24
73,add_to_cart,75.8797746611965,2022-06-23 13:15:18,34
42,view,30.790831104569317,2022-11-06 22:46:27,15
43,view,2.996195005190793,2021-06-25 07:55:30,1
28,click,263.59659883683327,2022-03-23 23:55:44,23
12,click,2.975854071221184,2021-04-27 10:50:03,9
11,view,59.37795067500756,2021-08-30 13:31:42,37
94,purchase,205.76490388284765,2022-12-07 17:19:19,21
45,click,13.66793084785735,2021-11-22 06:59:46,25
1,purchase,7.672093061679247,2022-05-07 22:58:20,42
34,view,6.470420301200468,2021-03-03 08:35:58,38
86,view,18.06823529705549,2021-07-31 14:42:41,26
80,add_to_cart,5.326160177578075,2021-08-13 19:56:58,28
89,click,58.90897349640917,2021-07-27 23:42:27,46
7,view,3.2158231899763545,2022-07-09 11:00:02,37
92,add_to_cart,35.60856262173184,2021-02-26 14:04:44,19
25,click,285.64399433999677,2022-04-16 22:11:28,26
73,view,84.09243883383577,2021-01-11 02:05:22,40
89,view,47.754103830993685,2021-09-22 04:45:47,19
33,click,18.282441654349263,2021-06-29 16:07:45,43
6,click,48.89445714095118,2022-11-29 11:35:03,18
67,click,37.43737779397671,2022-10-25 07:05:57,19
57,view,27.763558065834786,2021-12-08 21:00:40,34
74,view,7.003946293017256,2022-07-15 07:17:43,46
28,add_to_cart,108.84355299060238,2022-07-16 00:06:17,1
35,purchase,29.87227648963911,2022-02-18 14:45:38,29
88,click,10.82220910307068,2022-11-18 14:28:52,33
20,view,22.92425916914676,2022-08-23 21:43:02,21
35,view,26.7328467310067,2021-08-13 07:55:00,2
9,click,87.87888755452667,2022-01-01 19:48:23,5
72,purchase,66.14051614296392,2022-02-13 02:21:15,14
23,click,73.33291630850958,2022-03-14 20:05:24,26
63,purchase,0.5546280010766932,2021-12-04 19:59:12,9
98,view,26.90590132204877,2022-01-21 17:41:56,8
48,purchase,32.82573605190803,2022-08-09 07:37:07,32
98,add_to_cart,0.968941973322315,2021-02-04 10:33:25,31
35,view,15.042635201091315,2022-03-24 09:06:26,47
81,add_to_cart,71.4162340857189,2022-01-02 11:35:26,5
95,click,7.373385866694464,2022-06-27 00:47:59,40
23,click,38.31925226324291,2021-06-09 07:15:00,35
22,click,12.116437803844688,2021-09-24 23:21:05,1
61,purchase,0.609741512438881,2021-06-18 16:17:14,28
95,view,13.800948092514966,2022-04-28 17:21:57,3
36,click,186.2227511571439,2021-04-17 05:05:48,0
11,click,80.85765789807736,2021-09-23 12:33:50,18
54,view,160.41737750956167,2022-06-11 15:19:39,25
12,click,33.457281205558395,2021-12-01 15:04:21,24
22,add_to_cart,5.811872709759625,2021-10-08 23:30:28,9
88,view,39.699173850084726,2022-07-25 22:11:01,14
98,view,30.291381554346426,2022-04-06 07:21:46,21
29,view,93.00954436999046,2021-05-02 15:57:26,47
16,add_to_cart,5.161615804331191,2022-06-25 03:41:56,20
61,view,33.49508678149231,2022-10-07 06:40:16,21
83,add_to_cart,8.128809185896223,2022-03-18 11:19:19,35
88,view,19.628129750685222,2022-05-20 04:33:23,33
85,purchase,66.84799390123955,2022-11-10 21:31:20,29
12,click,32.31490966458089,2021-04-14 22:09:49,24
58,purchase,23.57129482107963,2021-06-09 15:10:49,44
18,click,25.08307700792891,2021-11-22 05:00:59,27
48,add_to_cart,30.75810804584616,2021-02-12 15:18:29,0
99,purchase,76.8597100947232,2022-02-11 04:20:32,48
11,view,111.32042581618732,2022-08-01 05:49:38,44
60,click,155.42790315111498,2022-04-20 18:18:58,3
18,click,77.30048152278488,2022-10-04 09:10:49,6
75,purchase,18.946531280202564,2022-09-01 07:45:51,48
8,add_to_cart,58.259196734051024,2022-12-30 14:59:55,8
70,purchase,28.777374668244693,2021-08-18 17:19:47,35
27,add_to_cart,14.696452012448885,2021-07-27 10:01:03,18
77,add_to_cart,91.90218630952891,2022-01-11 14:46:29,0
94,click,1.9592058371878027,2022-06-12 06:04:46,9
51,purchase,116.01810465201861,2021-10-05 00:13:42,35
82,purchase,30.94629674196398,2021-01-17 09:35:53,8
15,add_to_cart,50.69538156672787,2021-12-17 02:50:11,44
68,purchase,53.84556178581311,2021-08-14 08:44:21,45
98,view,112.74584490295103,2021-12-05 23:33:30,41
11,view,50.62214460021356,2021-01-05 21:01:20,31
24,purchase,47.5872932055436,2021-01-11 12:34:05,31
51,purchase,3.4488600390952704,2022-08-10 11:47:35,5
84,add_to_cart,36.532902099460905,2021-07-05 02:33:58,47
99,view,8.135888687831075,2022-07-28 16:21:34,37
52,view,66.86259595713724,2022-08-20 18:53:14,16
22,click,35.894736616271416,2022-07-15 12:08:42,9
15,add_to_cart,57.007317333575415,2022-09-13 14:50:39,49
56,click,2.128305970817718,2022-01-31 05:17:44,26
38,view,4.4301967334239265,2021-05-24 19:35:14,49
52,add_to_cart,62.99601899914633,2021-12-13 07:18:40,34
41,purchase,3.740721481731317,2021-11-05 07:26:42,20
57,add_to_cart,3.696146343450604,2021-07-10 06:27:00,24
38,purchase,0.6091190004897985,2022-08-19 23:50:37,27
13,purchase,156.75132431098945,2021-05-22 21:17:14,46
94,add_to_cart,66.87680215078305,2021-03-08 07:46:25,14
4,purchase,21.78988178668496,2021-10-24 01:35:23,3
34,click,17.58689906150494,2022-02-20 22:11:58,28
86,view,21.516322533344002,2022-12-24 04:20:14,8
92,purchase,74.50580998658252,2022-10-23 05:45:18,26
74,click,54.14245088142516,2022-07-03 06:02:43,25
17,purchase,10.240357755499982,2022-04-28 21:39:18,18
75,view,9.564644072751095,2021-05-26 06:15:08,27
8,click,5.178974559716974,2022-01-20 10:17:06,16
73,view,53.98502050167564,2022-10-07 23:11:43,42
57,view,72.27518996118579,2022-08-07 23:51:26,40
16,click,15.397397477679513,2022-09-19 04:17:11,41
6,click,1.0583709225807563,2022-05-23 15:21:23,49
45,click,4.2872453728468045,2021-06-07 11:23:24,19
12,add_to_cart,171.88275014186715,2021-03-24 00:18:24,44
39,click,17.509428265181267,2021-06-10 00:14:40,39
41,click,73.31520216520101,2021-03-19 13:02:24,38
8,click,48.9966252744019,2021-05-03 13:06:39,48
49,click,24.05845779146629,2021-10-26 15:05:43,22
26,purchase,11.513900947795177,2022-02-25 18:51:17,46
65,add_to_cart,6.470504452855058,2021-10-28 15:01:22,31
4,view,47.72728142397403,2022-06-22 19:38:34,46
28,click,74.50142791704589,2022-06-03 14:26:20,32
36,purchase,51.62778167818545,2021-05-19 08:17:50,45
37,purchase,37.78328138432362,2021-03-21 03:56:29,4
82,purchase,2.142829365455452,2021-04-10 04:42:36,42
7,view,172.8705764876777,2021-08-13 01:47:10,47
64,click,80.151472442218,2021-06-23 13:02:07,33
85,add_to_cart,17.323646431882363,2022-09-19 04:05:05,39
16,add_to_cart,195.52702863586092,2022-02-07 07:53:03,10
70,purchase,46.050290223474,2022-01-02 23:32:37,49
88,view,43.66427510224252,2021-01-12 00:54:52,2
44,view,68.93083141025073,2021-07-16 16:49:46,32
3,view,83.50447669219385,2022-09-22 23:52:34,10
35,add_to_cart,53.42529453740248,2021-09-08 03:55:33,15
69,purchase,6.853783099019248,2022-07-31 16:44:57,17
30,click,20.644694615775414,2022-04-15 00:32:41,29
18,add_to_cart,131.6125753212103,2022-01-11 00:28:47,47
60,purchase,12.719819393547196,2021-05-06 07:10:53,9
53,purchase,23.274055470633982,2021-07-11 03:35:48,17
38,click,28.28846133593655,2021-12-29 18:36:59,37
90,click,28.937827046166646,2022-01-11 22:03:45,18
73,click,47.458724027611595,2021-09-20 14:03:20,35
89,view,143.30176918900978,2022-10-15 22:30:47,12
18,click,13.767436213709322,2022-12-12 21:58:58,45
38,purchase,6.4770469002476165,2022-01-12 19:15:03,2
66,click,10.999332594693238,2022-10-06 21:39:41,9
44,purchase,108.9851540550276,2021-08-03 21:33:44,37
12,add_to_cart,51.89620405381139,2022-08-27 16:22:53,0
91,view,16.83708889395092,2022-03-17 14:18:22,26
57,add_to_cart,84.62655938873603,2021-11-03 18:19:14,45
19,add_to_cart,98.79733695998478,2022-10-31 09:32:02,7
91,purchase,93.70740639905377,2022-10-16 17:46:25,45
71,add_to_cart,125.61997716371161,2021-09-03 21:09:27,41
60,purchase,14.533728620730772,2022-05-26 16:55:53,16
38,click,70.33341104115277,2021-01-18 02:46:08,8
0,click,30.859285392605713,2022-08-04 23:19:03,5
2,purchase,92.25755435367259,2022-10-27 14:18:46,42
76,click,65.18794009673783,2021-04-26 04:57:01,24
91,view,74.90543769327964,2022-12-13 14:47:34,38
61,add_to_cart,53.37920953421046,2022-10-04 20:32:02,48
62,view,9.766009881197293,2021-06-23 17:07:12,27
24,add_to_cart,39.37585120961023,2022-11-10 21:54:43,32
55,click,208.89632975084726,2021-10-27 05:39:36,36
32,view,138.53996940037163,2022-01-29 00:36:52,8
37,click,2.2066723058793034,2021-10-31 06:56:00,17
5,add_to_cart,9.005090057537746,2021-11-21 14:02:54,20
57,purchase,7.062557007634263,2021-04-21 14:52:20,1
43,purchase,64.72769270301934,2021-10-09 15:34:36,42
44,view,85.12848903479231,2021-06-20 09:39:51,37
31,click,12.008850417502643,2021-06-13 22:24:04,39
44,click,35.24608069197645,2022-04-14 14:24:59,35
60,view,91.84925352389018,2021-04-24 20:41:35,49
46,purchase,65.98818093235882,2022-09-04 20:12:56,42
20,add_to_cart,39.07020724768975,2021-01-25 09:42:22,36
79,view,44.622325228501616,2022-04-14 11:35:28,14
84,add_to_cart,35.5004825034203,2021-04-18 22:37:23,27
74,purchase,17.658942500081025,2022-09-16 01:57:54,17
35,click,41.622990373407774,2021-07-30 05:31:45,33
98,purchase,58.37968155484062,2022-06-14 14:52:46,21
18,view,103.30570375537262,2022-06-05 22:47:03,10
19,click,50.57010774374272,2022-02-26 07:17:42,12
56,view,71.5900189792763,2021-06-11 16:44:56,3
17,view,8.721933524456189,2021-08-07 16:47:29,21
46,purchase,30.9537259333188,2021-03-06 06:38:55,6
48,view,0.46877160822280783,2021-02-12 13:50:21,42
13,purchase,14.163183367893344,2022-03-18 02:26:38,23
14,click,64.81568428056428,2021-06-24 11:24:21,3
30,purchase,240.24177204430694,2022-04-06 10:24:10,27
0,click,5.222385485554638,2021-09-10 01:22:42,14
53,purchase,25.665962836070968,2021-04-23 02:43:19,0
2,add_to_cart,80.48964094508742,2021-03-22 16:25:38,2
15,add_to_cart,11.410043063078188,2021-12-19 10:29:33,13
86,view,40.493595617380784,2022-07-19 17:15:39,37
56,purchase,66.03868412840677,2022-12-24 19:41:00,49
74,purchase,47.85374185823829,2022-05-22 10:47:08,0
11,click,10.414270031672503,2022-05-25 20:13:19,37
73,view,21.955068526149535,2022-05-03 23:30:41,37
95,purchase,76.57566874469937,2021-10-30 16:09:16,20
15,view,40.39721675980882,2021-04-09 22:25:00,47
71,add_to_cart,0.2621667917122488,2021-12-24 11:26:10,28
75,purchase,71.56265334138119,2021-12-12 13:34:50,4
23,purchase,1.7974938655777102,2022-04-21 16:33:41,48
27,view,68.46867306765219,2021-05-14 18:06:07,9
7,purchase,11.312453432593609,2022-05-06 19:42:57,27
91,view,158.5918359779893,2022-12-15 22:37:27,20
35,purchase,22.93860706448017,2021-06-26 19:14:24,49
89,click,19.795417215167816,2021-02-01 00:46:46,6
7,view,8.060580416755945,2022-11-25 10:19:13,2
57,purchase,18.235659317442863,2022-10-22 10:24:41,44
59,add_to_cart,104.63678060883194,2022-01-26 12:50:03,46
49,purchase,280.4373115354528,2021-07-16 22:13:35,19
27,add_to_cart,22.967788413439006,2022-04-18 17:44:05,18
91,add_to_cart,29.765703025518476,2021-06-16 13:55:07,34
40,click,64.01946856224548,2021-08-16 06:01:37,3
99,view,108.66378397315071,2022-06-02 01:52:01,4
63,purchase,44.952551433930836,2021-12-14 05:30:01,0
26,click,24.84002997279657,2022-09-01 20:46:04,3
62,purchase,26.60432215751686,2022-06-12 03:34:15,11
16,add_to_cart,59.47361343779222,2022-11-29 22:57:50,26
72,view,0.16117266761173124,2022-02-02 01:25:50,41
32,purchase,48.325195944629264,2022-11-09 18:22:51,22
83,purchase,21.963480586487478,2021-07-20 02:55:29,24
76,add_to_cart,79.04187440553979,2022-06-15 22:57:06,20
91,purchase,4.880125449492802,2021-11-25 11:20:39,23
28,purchase,44.36114946889184,2022-07-14 23:46:30,24
12,add_to_cart,32.78995809468057,2022-01-01 12:32:13,44
45,click,51.406599823732236,2022-08-05 20:07:19,45
34,add_to_cart,3.352608925534093,2022-12-21 16:34:05,31
5,click,43.37309835440721,2021-01-27 23:50:14,31
81,view,41.21801603014403,2021-11-15 05:47:33,4
68,click,41.1240946550342,2022-03-24 04:17:32,35
46,click,46.25240663537058,2021-09-13 03:17:58,45
24,view,56.4228528911877,2022-01-18 02:55:48,41
65,click,81.73496550579964,2022-12-03 04:48:38,48
9,add_to_cart,15.723259306312464,2021-12-28 20:10:40,41
55,click,87.16258444056155,2021-04-15 15:53:52,38
29,view,34.48323081298047,2021-01-27 01:06:37,15
4,add_to_cart,4.009459373168457,2022-05-24 14:12:04,32
32,view,3.0167513037528804,2021-05-01 06:11:24,48
64,view,20.341175418012742,2022-04-30 07:58:12,20
17,purchase,76.83190946985042,2022-07-26 19:42:10,8
95,purchase,61.495469201039214,2022-12-01 03:06:28,5
48,view,77.70369982367988,2022-05-06 17:04:18,44
10,view,36.414791660759406,2021-12-24 12:55:20,34
84,view,29.008695594895162,2022-04-23 18:53:12,38
25,purchase,7.976319211344142,2022-11-05 08:37:41,21
62,purchase,19.889190766618263,2021-01-18 01:02:22,40
88,click,28.459770860961658,2022-11-10 23:54:56,4
85,click,4.638693580128087,2021-02-21 18:30:14,41
58,view,12.46231109903065,2021-06-03 07:17:42,22
26,add_to_cart,45.59318902293805,2022-01-11 17:36:31,16
48,add_to_cart,66.52654534548505,2022-08-13 01:17:49,11
76,purchase,320.27364403170714,2021-02-10 20:30:01,22
32,purchase,135.23778022021577,2022-01-20 17:55:21,15
97,purchase,51.440115490143626,2022-03-21 00:16:35,2
98,view,27.344065497429888,2022-01-22 20:42:29,29
0,add_to_cart,50.554439788992724,2022-04-07 02:28:03,21
20,click,77.00763173715464,2022-08-25 00:55:47,8
54,view,6.2972232243017014,2022-06-18 23:58:23,28
5,click,26.373577558486446,2022-06-14 14:04:33,46
91,click,91.56732559190152,2022-01-11 15:28:13,36
80,view,24.21185851424566,2022-05-15 11:23:29,22
68,click,42.416684810502254,2022-06-23 05:52:27,12
94,add_to_cart,44.308614126586946,2021-01-14 20:11:25,31
4,click,10.196236897517547,2022-05-14 19:58:43,45
2,add_to_cart,22.48930472744652,2021-11-11 02:55:48,46
52,add_to_cart,20.36168020443175,2021-12-19 02:57:27,47
22,add_to_cart,1.3272977607334806,2022-03-10 11:30:22,22
52,purchase,1.2244595635265159,2021-10-07 16:02:29,44
36,click,89.09948060695697,2021-02-09 05:14:05,16
73,view,15.946310321501752,2021-08-14 22:16:30,39
73,view,36.49872968592603,2022-06-10 20:52:19,20
82,click,17.742799503994654,2021-04-22 21:29:48,1
16,purchase,141.23980180792614,2022-06-09 00:43:38,36
84,purchase,15.007760910029717,2022-04-29 05:47:02,5
77,add_to_cart,28.07585082092952,2021-04-05 16:55:35,43
72,click,103.07232165577965,2021-10-15 13:02:09,17
0,click,92.23699354910642,2022-06-22 21:30:51,29
50,view,10.295975634528098,2022-09-05 10:50:30,21
44,click,81.1371288624397,2021-04-29 00:28:14,32
76,purchase,30.64170732412275,2021-05-31 07:52:45,29
3,click,32.982609877689626,2021-12-14 13:58:57,16
61,view,7.163502844895133,2022-03-15 20:38:41,42
64,add_to_cart,4.201782103666169,2022-07-15 15:17:11,31
31,view,65.08650507257195,2021-08-15 13:32:17,41
33,view,34.3047207298425,2021-05-28 17:12:30,13
91,add_to_cart,28.710525207056563,2022-01-06 16:35:22,9
94,view,65.3756800657519,2021-10-22 09:16:24,46
71,view,72.51773494836927,2022-12-11 09:03:07,35
38,click,8.652721538019973,2022-08-11 15:45:52,33
25,click,47.10930064584235,2021-09-10 20:47:10,8
33,add_to_cart,7.271759976393737,2022-03-24 07:20:24,41
53,click,69.59049439136747,2021-01-07 16:42:06,27
2,click,53.4947050307972,2021-03-18 12:43:28,10
49,view,156.8816392980162,2022-07-08 05:34:49,13
11,purchase,3.572545375426614,2021-03-29 19:41:16,38
64,click,2.937351341241873,2022-08-16 05:37:21,46
53,purchase,16.577314679743203,2022-06-09 04:09:03,18
4,click,15.170636567819159,2021-07-11 10:59:49,14
93,click,14.183094814786362,2021-09-11 14:36:00,27
93,add_to_cart,118.35862371081546,2021-01-10 10:13:42,23
56,add_to_cart,14.353859428180332,2021-09-13 14:04:07,7
16,add_to_cart,15.869258782709739,2022-07-12 10:13:05,42
46,purchase,71.23061267985806,2022-11-20 03:20:39,8
22,view,29.868204943252852,2021-07-09 21:20:40,46
78,click,74.96431991292299,2022-09-01 17:44:37,32
84,click,3.380021938096258,2022-09-11 20:04:20,32
13,click,33.42967460518684,2021-05-27 13:42:03,18
65,purchase,1.7095762468974915,2021-11-21 13:28:24,2
74,add_to_cart,3.235097575531596,2021-08-17 04:38:23,9
50,view,118.4562559072742,2021-07-07 09:57:48,39
37,purchase,7.497289952322252,2022-03-25 00:11:07,46
63,add_to_cart,38.009314053110494,2022-02-09 18:14:34,41
97,purchase,26.474571095928066,2022-12-08 14:45:12,0
37,view,21.335202779726828,2021-02-12 16:43:44,28
49,add_to_cart,115.04599685044134,2021-09-03 01:37:46,49
97,purchase,1.1032524677500763,2021-08-26 00:47:14,33
81,view,54.500919041634475,2021-05-04 11:56:56,12
29,click,165.37774897341833,2022-12-27 02:51:06,0
78,view,41.068143014042604,2021-12-23 13:41:53,33
90,click,138.09032264595595,2021-02-12 03:36:11,28
50,purchase,2.6836419147912025,2022-04-08 18:15:31,47
62,add_to_cart,27.132442614864804,2022-01-17 21:32:19,46
97,add_to_cart,15.065917327534436,2021-02-17 05:10:41,12
51,purchase,65.61892815365702,2021-03-03 23:53:50,47
37,add_to_cart,198.95380894208412,2021-09-30 14:26:58,48
96,add_to_cart,14.82134737918257,2022-08-17 15:51:40,28
87,click,53.09106299150158,2021-01-26 07:52:50,38
78,purchase,11.038420756713982,2021-07-03 14:05:36,23
29,view,41.658437107397916,2021-04-26 00:18:13,25
50,click,31.174758408616093,2021-04-26 05:32:31,16
80,purchase,178.78705654540576,2022-12-20 02:55:51,6
4,click,46.891971401886664,2022-06-29 11:55:55,12
28,view,21.50118883764553,2021-06-12 07:22:26,4
3,view,6.057322178781009,2022-07-09 23:47:48,25
9,purchase,8.199343186071815,2021-11-27 10:59:28,48
55,view,12.765063757044114,2022-07-03 21:19:18,2
16,click,14.448589278068491,2022-04-15 05:12:57,6
73,view,95.06177471315553,2021-04-16 20:03:40,48
16,click,41.188174255839726,2022-09-21 18:36:16,38
83,click,37.052932239272174,2022-02-17 09:28:27,0
87,view,6.095325317064895,2022-01-19 08:37:46,48
68,purchase,98.35555820775437,2021-01-25 18:58:32,16
33,add_to_cart,64.15338059369303,2021-02-06 09:25:11,42
5,view,3.5033346359758153,2021-07-17 11:40:38,24
52,click,61.52184503012271,2021-08-05 21:35:05,2
65,click,39.21251503086919,2022-12-03 16:51:58,14
76,view,4.262937273483414,2022-06-17 01:17:10,28
42,purchase,30.652206030335122,2021-07-30 08:14:12,42
74,purchase,33.14994092074675,2022-05-09 04:16:20,31
22,click,9.062578881090824,2021-01-26 09:54:50,25
54,click,145.6598463699748,2022-05-19 20:01:16,15
79,purchase,94.84779041173425,2022-06-28 10:39:32,24
94,add_to_cart,55.285219513010894,2022-10-05 09:08:48,27
74,view,31.022311983444283,2022-09-30 00:11:03,8
15,click,26.531483587842203,2022-07-03 16:35:55,0
7,click,52.63036671570293,2021-08-17 16:47:06,28
3,purchase,39.42037371518962,2022-10-22 18:57:20,21
3,view,3.214826501356328,2021-07-30 10:26:11,15
55,purchase,35.92352109670177,2021-11-19 05:41:44,40
24,view,82.09898941840662,2021-02-28 12:28:13,43
66,view,30.738974756611505,2021-06-16 04:23:36,40
95,view,2.6677486754224664,2022-08-01 09:08:36,6
66,click,77.15400534056185,2021-11-27 21:38:27,13
26,add_to_cart,11.2424866842937,2021-01-29 12:38:42,28
92,purchase,14.962154537418511,2022-04-10 06:44:34,18
31,add_to_cart,8.998597170870081,2021-06-25 04:33:15,18
49,purchase,20.03993052358571,2021-03-07 04:06:01,1
60,view,70.6835873908258,2022-07-04 16:47:12,40
50,click,36.63452667620214,2021-02-03 13:51:32,44
18,add_to_cart,11.463191739354421,2022-12-07 16:14:45,14
20,click,105.11712006327438,2021-07-02 16:13:35,2
4,purchase,105.83925255399171,2022-05-19 01:46:14,10
81,click,102.23400900512183,2021-01-20 22:35:07,45
91,click,13.642708320346038,2021-11-17 09:23:11,29
41,add_to_cart,30.00464482161465,2022-06-24 13:29:12,39
60,view,209.95078624649756,2021-12-25 19:05:06,17
21,click,73.92321860913893,2021-08-16 09:43:10,47
20,view,1.3771639318440763,2021-03-21 15:53:19,1
69,purchase,3.371379390955526,2021-10-14 05:13:53,31
0,click,31.174654888553142,2022-04-14 11:26:55,7
4,add_to_cart,119.96592748268404,2022-04-09 21:42:37,21
11,purchase,38.68552930019602,2021-09-14 06:53:22,5
89,purchase,34.439086952444605,2022-06-03 21:19:39,11
45,add_to_cart,5.573048725830222,2021-05-24 05:28:08,46
33,click,53.46919715654812,2021-09-30 09:55:07,39
48,click,86.32757253150997,2021-04-07 13:38:48,35
77,purchase,23.93567309835921,2022-12-05 07:13:16,14
89,click,74.71889591691858,2022-05-25 18:00:49,27
44,view,166.87825810260492,2021-09-16 05:06:44,48
26,add_to_cart,11.393137155670654,2022-04-27 04:33:16,44
72,view,37.04650388510679,2022-04-20 14:36:19,17
25,click,16.923368344452694,2021-11-24 23:43:26,1
46,purchase,78.7166721608737,2021-02-14 22:17:37,12
85,add_to_cart,43.089342046982246,2022-03-17 21:11:43,44
55,click,50.3357258916638,2022-08-09 21:58:32,14
93,click,79.95313597255331,2021-02-24 20:30:00,19
62,purchase,25.20660979608902,2022-06-01 09:34:29,28
47,purchase,123.30821063064828,2021-06-25 13:36:10,41
60,view,38.074391872769056,2022-08-07 21:57:09,28
80,add_to_cart,8.59608057946592,2021-09-14 08:13:43,2
25,add_to_cart,59.5197892248194,2021-12-19 08:31:17,18
35,purchase,78.81499229619774,2022-09-20 03:05:04,2
0,view,19.045577239785516,2021-10-23 04:32:44,13
7,add_to_cart,97.30824902566812,2021-07-19 23:40:06,39
98,purchase,118.29928230155832,2022-11-28 01:11:08,3
51,click,16.21069797852322,2021-08-22 01:48:28,10
78,add_to_cart,205.28485611408692,2022-11-30 12:03:45,30
46,view,7.582529519025276,2021-07-24 06:39:04,42
55,view,11.28331581573379,2022-07-31 16:24:55,31
85,view,10.180825013378586,2022-03-21 00:38:31,26
13,click,112.21095570920663,2022-07-02 13:07:18,29
89,add_to_cart,53.108119426735165,2021-02-06 00:04:51,42
27,add_to_cart,8.249881312515189,2021-07-29 21:35:13,1
86,click,29.019809744493596,2021-05-16 06:56:02,48
77,add_to_cart,47.76431677739809,2021-06-05 11:03:55,8
87,click,4.357701266682867,2021-10-18 09:32:53,27
1,click,107.03027201711366,2021-07-29 03:52:11,30
25,click,81.3809942226804,2021-09-22 15:20:11,33
13,view,35.180766404091806,2021-08-12 23:45:24,14
58,add_to_cart,170.75459615250438,2022-05-28 22:54:19,47
55,click,27.04371135146974,2022-05-17 04:09:11,24
6,add_to_cart,207.1042688225587,2022-08-06 08:52:05,35
2,view,55.11896858173445,2021-02-22 04:59:44,7
22,click,50.34788547467605,2021-12-25 17:25:40,8
17,purchase,9.073389785331738,2021-11-03 04:41:31,36
37,view,106.82293120440278,2022-08-08 10:35:22,47
98,purchase,27.88622656751126,2022-02-23 02:41:38,44
14,add_to_cart,8.85078722413422,2022-06-12 18:10:20,38
63,add_to_cart,0.6343834561467812,2022-07-12 14:20:40,31
88,view,41.02127208569378,2022-06-22 08:09:20,16
27,add_to_cart,37.475255732925156,2021-04-17 05:47:33,34
73,purchase,63.532992237354705,2021-02-08 01:04:53,36
38,click,110.4811802867714,2021-01-12 18:38:01,18
56,click,4.136840009027474,2022-09-17 03:34:12,43
16,click,65.74456468802963,2021-04-08 19:31:55,28
85,view,10.376549707763457,2021-11-01 01:38:54,6
89,add_to_cart,97.65879262842792,2022-01-01 15:07:32,27
43,purchase,85.48046073055022,2021-01-28 01:32:57,8
24,add_to_cart,38.91279171495503,2022-01-09 12:24:44,27
16,add_to_cart,61.93559716560313,2021-07-23 12:23:00,5
12,add_to_cart,18.869407530569823,2021-08-28 12:56:05,28
83,click,31.85421433947308,2022-04-04 08:32:23,16
24,purchase,86.19669529794814,2022-05-20 01:55:13,15
67,purchase,30.741315921204126,2021-07-04 01:24:37,22
9,add_to_cart,22.142639809327815,2021-11-08 02:02:56,30
66,click,34.08192770424321,2022-07-19 00:15:09,2
17,click,88.08554976337119,2022-01-03 11:48:25,20
99,purchase,20.414057023216685,2021-01-09 12:59:14,25
85,click,9.54359594706478,2022-02-27 00:28:08,35
